,State_0,State_1,State_2,State_3,State_4
State_0,0.9807748752568242,0.0,0.0,0.00020545934840035223,0.019019665394775464
State_1,0.0,0.7111663902708679,0.11498065229408513,0.15948037589828634,0.014372581536760642
State_2,0.0,0.15931941221964424,0.7919566898685229,0.04369682907965971,0.005027068832173241
State_3,0.0013736263736263737,0.11499215070643642,0.02197802197802198,0.7085949764521193,0.15306122448979592
State_4,0.0884641638225256,0.006416382252559727,0.0013651877133105802,0.10757679180887372,0.7961774744027303
